state,agencyType,agencyName,quarter1,quarter2,quarter3,quarter4,population,addendum
Massachusetts,Cities,Leverett,0,0,0,0,"1,874",1
,Universities and Colleges,Holyoke Community College,,,,0,"7,144",1
New Jersey,Cities,Absecon,0,0,0,0,"8,447",1
,,Allenhurst,0,0,0,0,499,1
,,Allentown,0,0,0,0,"1,840",1
,,Alpha,0,0,0,0,"2,374",1
,,Alpine,0,0,0,0,"1,870",1
,,Andover Township,0,0,0,0,"6,321",1
,,Asbury Park,0,0,0,0,"16,211",1
,,Atlantic City,0,0,0,0,"39,722",1
,,Atlantic Highlands,0,0,0,0,"4,410",1
,,Audubon,0,0,0,0,"8,856",1
,,Audubon Park,0,0,0,0,"1,027",1
,,Avalon,0,0,0,0,"1,332",1
,,Avon-by-the-Sea,0,0,0,0,"1,912",1
,,Barnegat Light,0,0,0,0,580,1
,,Barrington,0,0,0,0,"7,012",1
,,Bay Head,0,0,0,0,978,1
,,Beach Haven,0,0,0,0,"1,185",1
,,Beachwood,0,0,0,0,"11,154",1
,,Belleville,0,0,0,0,"36,158",1
,,Bellmawr,0,0,0,0,"11,629",1
,,Belvidere,0,0,0,0,"2,686",1
,,Berkeley Heights Township,0,0,0,0,"13,319",1
,,Berkeley Township,0,0,0,0,"41,659",1
,,Berlin,0,0,0,0,"7,620",1
,,Berlin Township,0,0,0,0,"5,379",1
,,Bernardsville,0,0,0,0,"7,779",1
,,Beverly,0,0,0,0,"2,595",1
,,Blairstown Township,0,0,0,0,"5,976",1
,,Bloomfield,0,0,0,0,"47,620",1
,,Bloomingdale,0,0,0,0,"7,705",1
,,Bogota,0,0,0,0,"8,282",1
,,Boonton,0,0,0,0,"8,435",1
,,Boonton Township,0,0,0,0,"4,307",1
,,Bordentown,0,0,0,0,"3,949",1
,,Bordentown Township,0,0,0,0,"11,444",1
,,Bound Brook,0,0,0,0,"10,500",1
,,Branchburg Township,0,0,0,0,"14,597",1
,,Bridgewater Township,0,0,0,0,"44,884",1
,,Brielle,0,0,0,0,"4,802",1
,,Brigantine,0,0,0,0,"9,489",1
,,Brooklawn,0,0,0,0,"1,964",1
,,Buena,0,0,0,0,"4,623",1
,,Burlington,0,0,0,0,"9,989",1
,,Burlington Township,0,0,0,0,"22,746",1
,,Butler,0,0,0,0,"7,619",1
,,Byram Township,0,0,0,0,"8,349",1
,,Caldwell,0,0,0,0,"7,872",1
,,Cape May,0,0,0,0,"3,605",1
,,Cape May Point,0,0,0,0,290,1
,,Carlstadt,0,0,0,0,"6,198",1
,,Carteret,0,0,0,0,"23,083",1
,,Cedar Grove Township,0,0,0,0,"12,490",1
,,Chatham,0,0,0,0,"9,056",1
,,Chatham Township,0,0,0,0,"10,560",1
,,Cherry Hill Township,0,0,0,0,"71,337",1
,,Chesilhurst,0,0,0,0,"1,641",1
,,Chester,0,0,0,0,"1,667",1
,,Chesterfield Township,0,0,0,0,"7,745",1
,,Chester Township,0,0,0,0,"7,922",1
,,Cinnaminson Township,0,0,0,0,"15,676",1
,,Clark Township,0,0,0,0,"14,913",1
,,Clayton,0,0,0,0,"8,242",1
,,Clementon,0,0,0,0,"5,021",1
,,Cliffside Park,0,0,0,0,"23,867",1
,,Clifton,0,0,0,0,"84,684",1
,,Clinton,0,0,0,0,"2,724",1
,,Closter,0,0,0,0,"8,469",1
,,Collingswood,0,0,0,0,"13,983",1
,,Cresskill,0,0,0,0,"8,672",1
,,Deal,0,0,0,0,755,1
,,Delaware Township,0,0,0,0,"4,573",1
,,Delran Township,0,0,0,0,"17,012",1
,,Demarest,0,0,0,0,"4,936",1
,,Denville Township,0,0,0,0,"16,809",1
,,Deptford Township,0,0,0,0,"30,800",1
,,Dover,0,0,0,0,"18,347",1
,,Dumont,0,0,0,0,"17,682",1
,,Dunellen,0,0,0,0,"7,304",1
,,East Newark,0,0,0,0,"2,444",1
,,East Rutherford,0,0,0,0,"9,016",1
,,Eatontown,0,0,0,0,"12,785",1
,,Edgewater,0,0,0,0,"11,647",1
,,Edgewater Park Township,0,0,0,0,"8,943",1
,,Elizabeth,0,0,0,0,"126,281",1
,,Elk Township,0,0,0,0,"4,250",1
,,Elmer,0,0,0,0,"1,398",1
,,Elsinboro Township,0,0,0,0,"1,038",1
,,Emerson,0,0,0,0,"7,486",1
,,Englewood,0,0,0,0,"27,460",1
,,Englewood Cliffs,0,0,0,0,"5,340",1
,,Englishtown,0,0,0,0,"1,857",1
,,Essex Fells,0,0,0,0,"2,126",1
,,Fairfield Township: Essex County,0,0,0,0,"7,515",1
,,Fair Haven,0,0,0,0,"6,158",1
,,Fairview,0,0,0,0,"13,994",1
,,Fanwood,0,0,0,0,"7,396",1
,,Far Hills,0,0,0,0,928,1
,,Flemington,0,0,0,0,"4,591",1
,,Florham Park,0,0,0,0,"11,809",1
,,Franklin,0,0,0,0,"5,044",1
,,Franklin Township: Hunterdon County,0,0,0,0,"3,204",1
,,Franklin Township: Somerset County,0,0,0,0,"62,885",1
,,Frenchtown,0,0,0,0,"1,376",1
,,Garfield,0,0,0,0,"30,838",1
,,Garwood,0,0,0,0,"4,271",1
,,Gloucester City,0,0,0,0,"11,501",1
,,Gloucester Township,0,0,0,0,"64,898",1
,,Greenwich Township: Gloucester County,0,0,0,0,"4,937",1
,,Greenwich Township: Warren County,0,0,0,0,"5,720",1
,,Hackensack,0,0,0,0,"43,499",1
,,Hackettstown,0,0,0,0,"9,744",1
,,Haddon Heights,0,0,0,0,"7,505",1
,,Haledon,0,0,0,0,"8,372",1
,,Hamburg,0,0,0,0,"3,277",1
,,Hamilton Township: Atlantic County,0,0,0,0,"26,613",1
,,Hanover Township,0,0,0,0,"13,857",1
,,Harding Township,0,0,0,0,"3,881",1
,,Harrington Park,0,0,0,0,"4,717",1
,,Harvey Cedars,0,0,0,0,341,1
,,Hasbrouck Heights,0,0,0,0,"11,978",1
,,Haworth,0,0,0,0,"3,420",1
,,Hazlet Township,0,0,0,0,"20,456",1
,,Helmetta,0,0,0,0,"2,201",1
,,High Bridge,0,0,0,0,"3,657",1
,,Hillsdale,0,0,0,0,"10,337",1
,,Hi-Nella,0,0,0,0,873,1
,,Ho-Ho-Kus,0,0,0,0,"4,124",1
,,Holland Township,0,0,0,0,"5,304",1
,,Holmdel Township,0,0,0,0,"16,873",1
,,Hopatcong,0,0,0,0,"15,144",1
,,Hopewell,0,0,0,0,"1,935",1
,,Hopewell Township,0,0,0,0,"17,430",1
,,Independence Township,0,0,0,0,"5,671",1
,,Interlaken,0,0,0,0,825,1
,,Irvington,0,0,0,0,"54,274",1
,,Island Heights,0,0,0,0,"1,689",1
,,Kenilworth,0,0,0,0,"7,998",1
,,Keyport,0,0,0,0,"7,283",1
,,Kinnelon,0,0,0,0,"10,355",1
,,Lake Como,0,0,0,0,"1,769",1
,,Lakehurst,0,0,0,0,"2,681",1
,,Lambertville,0,0,0,0,"3,915",1
,,Laurel Springs,0,0,0,0,"1,916",1
,,Lavallette,0,0,0,0,"1,893",1
,,Lawnside,0,0,0,0,"2,957",1
,,Lawrence Township: Mercer County,0,0,0,0,"33,483",1
,,Lebanon Township,0,0,0,0,"6,605",1
,,Leonia,0,0,0,0,"9,040",1
,,Lindenwold,0,0,0,0,"17,685",1
,,Linwood,0,0,0,0,"7,122",1
,,Little Ferry,0,0,0,0,"10,749",1
,,Little Silver,0,0,0,0,"5,985",1
,,Livingston Township,0,0,0,0,"29,556",1
,,Loch Arbour,0,0,0,0,195,1
,,Logan Township,0,0,0,0,"6,089",1
,,Long Beach Township,0,0,0,0,"3,081",1
,,Long Branch,0,0,0,0,"30,902",1
,,Longport,0,0,0,0,898,1
,,Lopatcong Township,0,0,0,0,"8,028",1
,,Lower Alloways Creek Township,0,0,0,0,"1,773",1
,,Lumberton Township,0,0,0,0,"12,645",1
,,Lyndhurst Township,0,0,0,0,"20,791",1
,,Magnolia,0,0,0,0,"4,359",1
,,Mahwah Township,0,0,0,0,"26,170",1
,,Mansfield Township: Burlington County,0,0,0,0,"8,603",1
,,Mansfield Township: Warren County,0,0,0,0,"7,739",1
,,Mantoloking,0,0,0,0,299,1
,,Mantua Township,0,0,0,0,"15,334",1
,,Manville,0,0,0,0,"10,443",1
,,Maplewood Township,0,0,0,0,"24,022",1
,,Medford Lakes,0,0,0,0,"4,173",1
,,Mendham,0,0,0,0,"5,033",1
,,Mendham Township,0,0,0,0,"5,931",1
,,Merchantville,0,0,0,0,"3,837",1
,,Metuchen,0,0,0,0,"13,715",1
,,Middle Township,0,0,0,0,"18,875",1
,,Midland Park,0,0,0,0,"7,211",1
,,Millburn Township,0,0,0,0,"20,279",1
,,Milltown,0,0,0,0,"6,966",1
,,Millville,0,0,0,0,"28,651",1
,,Mine Hill Township,0,0,0,0,"3,690",1
,,Monmouth Beach,0,0,0,0,"3,298",1
,,Montvale,0,0,0,0,"7,935",1
,,Montville Township,0,0,0,0,"21,755",1
,,Moonachie,0,0,0,0,"2,738",1
,,Morris Plains,0,0,0,0,"5,588",1
,,Morristown,0,0,0,0,"18,601",1
,,Mountain Lakes,0,0,0,0,"4,205",1
,,Mountainside,0,0,0,0,"6,754",1
,,Mount Arlington,0,0,0,0,"5,103",1
,,Mount Ephraim,0,0,0,0,"4,696",1
,,Mullica Township,0,0,0,0,"6,174",1
,,National Park,0,0,0,0,"3,060",1
,,Neptune City,0,0,0,0,"4,897",1
,,Netcong,0,0,0,0,"3,266",1
,,Newfield,0,0,0,0,"1,566",1
,,New Hanover Township,0,0,0,0,"7,432",1
,,New Milford,0,0,0,0,"16,529",1
,,Newton,0,0,0,0,"7,999",1
,,North Arlington,0,0,0,0,"15,570",1
,,North Bergen Township,0,0,0,0,"61,747",1
,,North Brunswick Township,0,0,0,0,"41,163",1
,,North Caldwell,0,0,0,0,"6,223",1
,,Northfield,0,0,0,0,"8,658",1
,,North Haledon,0,0,0,0,"8,474",1
,,Northvale,0,0,0,0,"4,692",1
,,Norwood,0,0,0,0,"5,776",1
,,Oakland,0,0,0,0,"12,899",1
,,Oaklyn,0,0,0,0,"4,055",1
,,Ocean City,0,0,0,0,"11,676",1
,,Oceanport,0,0,0,0,"5,866",1
,,Ocean Township: Monmouth County,0,0,0,0,"27,454",1
,,Ocean Township: Ocean County,0,0,0,0,"8,413",1
,,Ogdensburg,0,0,0,0,"2,410",1
,,Old Tappan,0,0,0,0,"5,814",1
,,Oradell,0,0,0,0,"8,071",1
,,Orange,0,0,0,0,"30,329",1
,,Oxford Township,0,0,0,0,"2,519",1
,,Paterson,0,0,0,0,"147,148",1
,,Peapack and Gladstone,0,0,0,0,"2,606",1
,,Pemberton,0,0,0,0,"1,419",1
,,Pennington,0,0,0,0,"2,605",1
,,Penns Grove,0,0,0,0,"5,157",1
,,Pennsville Township,0,0,0,0,"13,437",1
,,Pequannock Township,0,0,0,0,"15,703",1
,,Perth Amboy,0,0,0,0,"51,345",1
,,Pine Beach,0,0,0,0,"2,149",1
,,Pine Valley,0,0,0,0,12,1
,,Pitman,0,0,0,0,"9,079",1
,,Plainfield,0,0,0,0,"50,332",1
,,Plainsboro Township,0,0,0,0,"23,240",1
,,Pleasantville,0,0,0,0,"20,334",1
,,Plumsted Township,0,0,0,0,"8,505",1
,,Pohatcong Township,0,0,0,0,"3,343",1
,,Princeton,0,0,0,0,"12,191",1
,,Prospect Park,0,0,0,0,"5,903",1
,,Rahway,0,0,0,0,"27,635",1
,,Ramsey,0,0,0,0,"14,639",1
,,Raritan Township,0,0,0,0,"22,239",1
,,Readington Township,0,0,0,0,"16,165",1
,,Red Bank,0,0,0,0,"12,278",1
,,Ridgefield,0,0,0,0,"11,159",1
,,Ridgefield Park,0,0,0,0,"12,875",1
,,Riverdale,0,0,0,0,"3,597",1
,,River Edge,0,0,0,0,"11,470",1
,,Riverton,0,0,0,0,"2,798",1
,,River Vale Township,0,0,0,0,"9,771",1
,,Rochelle Park Township,0,0,0,0,"5,593",1
,,Rockaway,0,0,0,0,"6,506",1
,,Rockaway Township,0,0,0,0,"24,410",1
,,Rockleigh,0,0,0,0,535,1
,,Roseland,0,0,0,0,"5,857",1
,,Roselle,0,0,0,0,"21,309",1
,,Roselle Park,0,0,0,0,"13,438",1
,,Roxbury Township,0,0,0,0,"23,569",1
,,Rumson,0,0,0,0,"7,165",1
,,Saddle River,0,0,0,0,"3,188",1
,,Salem,0,0,0,0,"5,158",1
,,Scotch Plains Township,0,0,0,0,"23,759",1
,,Sea Bright,0,0,0,0,"1,421",1
,,Sea Girt,0,0,0,0,"1,839",1
,,Seaside Heights,0,0,0,0,"2,915",1
,,Ship Bottom,0,0,0,0,"1,165",1
,,Shrewsbury,0,0,0,0,"3,832",1
,,Somerdale,0,0,0,0,"5,172",1
,,Somers Point,0,0,0,0,"10,840",1
,,South Amboy,0,0,0,0,"8,721",1
,,South Bound Brook,0,0,0,0,"4,606",1
,,South Hackensack Township,0,0,0,0,"2,405",1
,,South River,0,0,0,0,"16,176",1
,,South Toms River,0,0,0,0,"3,719",1
,,Sparta Township,0,0,0,0,"19,720",1
,,Springfield,0,0,0,0,"15,985",1
,,Springfield Township,0,0,0,0,"3,437",1
,,Spring Lake,0,0,0,0,"3,012",1
,,Spring Lake Heights,0,0,0,0,"4,741",1
,,Stanhope,0,0,0,0,"3,610",1
,,Stone Harbor,0,0,0,0,864,1
,,Stratford,0,0,0,0,"7,070",1
,,Summit,0,0,0,0,"21,684",1
,,Surf City,0,0,0,0,"1,217",1
,,Swedesboro,0,0,0,0,"2,604",1
,,Tavistock,0,0,0,0,5,1
,,Teterboro,0,0,0,0,67,1
,,Tewksbury Township,0,0,0,0,"6,007",1
,,Toms River Township,0,0,0,0,"92,131",1
,,Totowa,0,0,0,0,"10,874",1
,,Trenton,0,0,0,0,"85,317",1
,,Tuckerton,0,0,0,0,"3,381",1
,,Union Beach,0,0,0,0,"6,282",1
,,Union City,0,0,0,0,"67,518",1
,,Union Township,0,0,0,0,"57,234",1
,,Ventnor City,0,0,0,0,"10,693",1
,,Vernon Township,0,0,0,0,"23,939",1
,,Vineland,0,0,0,0,"61,252",1
,,Voorhees Township,0,0,0,0,"29,251",1
,,Waldwick,0,0,0,0,"9,737",1
,,Wallington,0,0,0,0,"11,465",1
,,Wall Township,0,0,0,0,"26,319",1
,,Wanaque,0,0,0,0,"11,188",1
,,Warren Township,0,0,0,0,"15,455",1
,,Washington Township: Bergen County,0,0,0,0,"9,207",1
,,Washington Township: Gloucester County,0,0,0,0,"48,940",1
,,Washington Township: Morris County,0,0,0,0,"18,728",1
,,Wayne Township,0,0,0,0,"55,071",1
,,Wenonah,0,0,0,0,"2,296",1
,,West Amwell Township,0,0,0,0,"3,851",1
,,West Caldwell Township,0,0,0,0,"10,828",1
,,West Cape May,0,0,0,0,"1,022",1
,,West Long Branch,0,0,0,0,"8,145",1
,,West Milford Township,0,0,0,0,"26,019",1
,,West New York,0,0,0,0,"50,507",1
,,West Wildwood,0,0,0,0,602,1
,,Wharton,0,0,0,0,"6,589",1
,,Wildwood,0,0,0,0,"5,315",1
,,Wildwood Crest,0,0,0,0,"3,263",1
,,Winfield Township,0,0,0,0,"1,487",1
,,Winslow Township,0,0,0,0,"39,660",1
,,Woodcliff Lake,0,0,0,0,"5,794",1
,,Woodland Park,0,0,0,0,"11,895",1
,,Woodlynne,0,0,0,0,"2,991",1
,,Wood-Ridge,0,0,0,0,"7,715",1
,,Woodstown,0,0,0,0,"3,513",1
,,Woolwich Township,0,0,0,0,"10,278",1
,,Wyckoff Township,0,0,0,0,"16,885",1
,State Police Agencies,State Police:,,,,,,1
,,Atlantic ,0,0,0,0,,1
,,Bergen ,0,0,0,0,,1
,,Burlington ,0,0,0,0,,1
,,Camden ,0,0,0,0,,1
,,Cape May,0,0,0,0,,1
,,Cumberland ,0,0,0,0,,1
,,Essex ,0,0,0,0,,1
,,Gloucester ,0,0,0,0,,1
,,Hudson ,0,0,0,0,,1
,,Hunterdon ,0,0,0,0,,1
,,Mercer ,0,0,0,0,,1
,,Middlesex ,0,0,0,0,,1
,,Monmouth ,0,0,0,0,,1
,,Morris ,0,0,0,0,,1
,,Ocean ,0,0,0,0,,1
,,Passaic ,0,0,0,0,,1
,,Salem ,0,0,0,0,,1
,,Somerset ,0,0,0,0,,1
,,Sussex ,0,0,0,0,,1
,,Union ,0,0,0,0,,1
,,Warren ,0,0,0,0,,1
,Other Agencies,Hunterdon Developmental Center,0,0,0,0,,1
Texas,Cities,Abernathy,0,0,0,0,"2,877",1
,,Abilene,0,0,0,0,"119,886",1
,,Addison,0,0,0,0,"13,523",1
,,Alamo,0,0,0,0,"19,178",1
,,Alamo Heights,0,0,0,0,"7,305",1
,,Alice,0,0,0,0,"19,627",1
,,Alpine,0,0,0,0,"6,091",1
,,Alton,0,0,0,0,"14,178",1
,,Alvarado,0,0,0,0,"3,888",1
,,Alvin,0,0,0,0,"25,145",1
,,Andrews,0,0,0,0,"11,751",1
,,Angleton,0,0,0,0,"19,569",1
,,Anna,0,0,0,0,"8,724",1
,,Anson,0,0,0,0,"2,458",1
,,Anthony,0,0,0,0,"5,166",1
,,Archer City,0,0,0,0,"1,819",1
,,Arcola,0,0,0,0,"1,724",1
,,Argyle,0,0,0,0,"3,454",1
,,Arp,0,0,0,0,"1,003",1
,,Athens,0,0,0,0,"12,946",1
,,Atlanta,0,0,0,0,"5,717",1
,,Aubrey,0,0,0,0,"2,731",1
,,Azle,0,0,0,0,"11,337",1
,,Baird,0,0,0,0,"1,515",1
,,Balch Springs,0,0,0,0,"24,574",1
,,Balcones Heights,0,0,0,0,"2,859",1
,,Ballinger,0,0,0,0,"3,831",1
,,Bangs,0,0,0,0,"1,630",1
,,Bastrop,0,0,0,0,"7,415",1
,,Bayou Vista,0,0,0,0,"1,584",1
,,Baytown,0,0,0,0,"74,420",1
,,Beaumont,0,0,0,0,"120,323",1
,,Bee Cave,0,0,0,0,"4,137",1
,,Beeville,0,0,0,0,"13,179",1
,,Bellaire,0,0,0,0,"17,481",1
,,Bellmead,0,0,0,0,"10,212",1
,,Bellville,0,0,0,0,"4,193",1
,,Belton,0,0,0,0,"18,763",1
,,Benbrook,0,0,0,0,"22,040",1
,,Bertram,0,0,0,0,"1,384",1
,,Beverly Hills,0,0,0,0,"2,056",1
,,Big Sandy,0,0,0,0,"1,380",1
,,Big Spring,0,0,0,0,"27,774",1
,,Bishop,0,0,0,0,"3,211",1
,,Blanco,0,0,0,0,"1,781",1
,,Bloomburg,0,0,0,0,406,1
,,Blue Mound,0,0,0,0,"2,484",1
,,Boerne,0,0,0,0,"11,047",1
,,Bogata,0,0,0,0,"1,157",1
,,Bonham,0,0,0,0,"10,288",1
,,Borger,0,0,0,0,"13,438",1
,,Bovina,0,0,0,0,"1,906",1
,,Bowie,0,0,0,0,"5,293",1
,,Brady,0,0,0,0,"5,616",1
,,Brazoria,0,0,0,0,"3,133",1
,,Breckenridge,0,0,0,0,"5,815",1
,,Bremond,0,0,0,0,950,1
,,Brenham,0,0,0,0,"15,988",1
,,Bridge City,0,0,0,0,"8,020",1
,,Bridgeport,0,0,0,0,"6,138",1
,,Brookshire,0,0,0,0,"4,865",1
,,Brookside Village,0,0,0,0,"1,581",1
,,Brownfield,0,0,0,0,"9,820",1
,,Brownsville,0,0,0,0,"181,102",1
,,Brownwood,0,0,0,0,"19,618",1
,,Bruceville-Eddy,0,0,0,0,"1,521",1
,,Bryan,0,0,0,0,"78,479",1
,,Buda,0,0,0,0,"7,797",1
,,Bullard,0,0,0,0,"2,546",1
,,Bulverde,0,0,0,0,"4,852",1
,,Burnet,0,0,0,0,"6,128",1
,,Cactus,0,0,0,0,"3,234",1
,,Caddo Mills,0,0,0,0,"1,364",1
,,Caldwell,0,0,0,0,"4,180",1
,,Calvert,0,0,0,0,"1,218",1
,,Cameron,0,0,0,0,"5,621",1
,,Canton,0,0,0,0,"3,637",1
,,Canyon,0,0,0,0,"13,773",1
,,Carrollton,0,0,0,0,"124,477",1
,,Carthage,0,0,0,0,"6,954",1
,,Castle Hills,0,0,0,0,"4,280",1
,,Castroville,0,0,0,0,"2,740",1
,,Cedar Hill,0,0,0,0,"46,633",1
,,Cedar Park,0,0,0,0,"52,051",1
,,Celina,0,0,0,0,"6,350",1
,,Childress,0,0,0,0,"6,149",1
,,Chillicothe,0,0,0,0,723,1
,,Cibolo,0,0,0,0,"19,580",1
,,Cisco,0,0,0,0,"3,972",1
,,Clarksville,0,0,0,0,"3,285",1
,,Cleveland,0,0,0,0,"7,847",1
,,Clifton,0,0,0,0,"3,509",1
,,Clint,0,0,0,0,964,1
,,Clute,0,0,0,0,"11,631",1
,,Clyde,0,0,0,0,"3,759",1
,,Cockrell Hill,0,0,0,0,"4,343",1
,,Coleman,0,0,0,0,"4,709",1
,,College Station,0,0,0,0,"96,567",1
,,Colleyville,0,0,0,0,"23,677",1
,,Collinsville,0,0,0,0,"1,655",1
,,Colorado City,0,0,0,0,"4,221",1
,,Columbus,0,0,0,0,"3,699",1
,,Comanche,0,0,0,0,"4,373",1
,,Combes,0,0,0,0,"2,996",1
,,Converse,0,0,0,0,"18,922",1
,,Coppell,0,0,0,0,"40,053",1
,,Corinth,0,0,0,0,"20,971",1
,,Corrigan,0,0,0,0,"1,633",1
,,Corsicana,0,0,0,0,"24,284",1
,,Crandall,0,0,0,0,"2,957",1
,,Crane,0,0,0,0,"3,410",1
,,Crockett,0,0,0,0,"6,975",1
,,Crosbyton,0,0,0,0,"1,776",1
,,Crowell,0,0,0,0,965,1
,,Crowley,0,0,0,0,"13,328",1
,,Crystal City,0,0,0,0,"7,355",1
,,Cuero,0,0,0,0,"7,001",1
,,Cumby,0,0,0,0,794,1
,,Daingerfield,0,0,0,0,"2,579",1
,,Dalhart,0,0,0,0,"8,124",1
,,Dalworthington Gardens,0,0,0,0,"2,345",1
,,Danbury,0,0,0,0,"1,780",1
,,Dayton,0,0,0,0,"7,416",1
,,Decatur,0,0,0,0,"6,206",1
,,Deer Park,0,0,0,0,"33,196",1
,,De Kalb,0,0,0,0,"1,708",1
,,De Leon,0,0,0,0,"2,266",1
,,Del Rio,0,0,0,0,"36,302",1
,,Denver City,0,0,0,0,"4,617",1
,,Desoto,0,0,0,0,"50,795",1
,,Devine,0,0,0,0,"4,452",1
,,Diboll,0,0,0,0,"4,896",1
,,Dickinson,0,0,0,0,"19,251",1
,,Dilley,0,0,0,0,"3,988",1
,,Dimmitt,0,0,0,0,"4,489",1
,,Donna,0,0,0,0,"16,518",1
,,Double Oak,0,0,0,0,"3,014",1
,,Driscoll,0,0,0,0,757,1
,,Dublin,0,0,0,0,"3,746",1
,,Dumas,0,0,0,0,"14,946",1
,,Duncanville,0,0,0,0,"39,899",1
,,Eagle Lake,0,0,0,0,"3,684",1
,,Eagle Pass,0,0,0,0,"27,208",1
,,Early,0,0,0,0,"2,810",1
,,Eastland,0,0,0,0,"4,029",1
,,East Mountain,0,0,0,0,815,1
,,Edcouch,0,0,0,0,"3,305",1
,,Edgewood,0,0,0,0,"1,467",1
,,Edinburg,0,0,0,0,"80,332",1
,,El Campo,0,0,0,0,"11,786",1
,,Electra,0,0,0,0,"2,814",1
,,Elgin,0,0,0,0,"8,386",1
,,Elsa,0,0,0,0,"5,918",1
,,Ennis,0,0,0,0,"19,184",1
,,Euless,0,0,0,0,"53,228",1
,,Fairfield,0,0,0,0,"2,974",1
,,Fair Oaks Ranch,0,0,0,0,"6,254",1
,,Falfurrias,0,0,0,0,"5,055",1
,,Farmers Branch,0,0,0,0,"29,637",1
,,Farmersville,0,0,0,0,"3,478",1
,,Farwell,0,0,0,0,"1,393",1
,,Ferris,0,0,0,0,"2,524",1
,,Flatonia,0,0,0,0,"1,415",1
,,Florence,0,0,0,0,"1,209",1
,,Floresville,0,0,0,0,"6,672",1
,,Floydada,0,0,0,0,"3,058",1
,,Forest Hill,0,0,0,0,"12,825",1
,,Fort Stockton,0,0,0,0,"8,530",1
,,Frankston,0,0,0,0,"1,243",1
,,Fredericksburg,0,0,0,0,"10,802",1
,,Freeport,0,0,0,0,"12,501",1
,,Freer,0,0,0,0,"2,832",1
,,Friendswood,0,0,0,0,"36,965",1
,,Friona,0,0,0,0,"4,211",1
,,Gainesville,0,0,0,0,"16,223",1
,,Galena Park,0,0,0,0,"11,290",1
,,Galveston,0,0,0,0,"49,170",1
,,Ganado,0,0,0,0,"2,028",1
,,Garden Ridge,0,0,0,0,"3,413",1
,,Gatesville,0,0,0,0,"16,224",1
,,Giddings,0,0,0,0,"4,970",1
,,Gilmer,0,0,0,0,"5,030",1
,,Glenn Heights,0,0,0,0,"11,683",1
,,Godley,0,0,0,0,"1,036",1
,,Gonzales,0,0,0,0,"7,381",1
,,Gorman,0,0,0,0,"1,102",1
,,Graham,0,0,0,0,"9,005",1
,,Granbury,0,0,0,0,"8,170",1
,,Grand Prairie,0,0,0,0,"181,782",1
,,Grand Saline,0,0,0,0,"3,195",1
,,Granger,0,0,0,0,"1,501",1
,,Granite Shoals,0,0,0,0,"5,027",1
,,Grapeland,0,0,0,0,"1,494",1
,,Grapevine,0,0,0,0,"48,095",1
,,Gregory,0,0,0,0,"1,934",1
,,Groesbeck,0,0,0,0,"4,431",1
,,Groves,0,0,0,0,"16,423",1
,,Gruver,0,0,0,0,"1,207",1
,,Gun Barrel City,0,0,0,0,"5,777",1
,,Hale Center,0,0,0,0,"2,301",1
,,Hallettsville,0,0,0,0,"2,610",1
,,Hallsville,0,0,0,0,"3,656",1
,,Hamlin,0,0,0,0,"2,148",1
,,Harker Heights,0,0,0,0,"27,542",1
,,Harlingen,0,0,0,0,"67,112",1
,,Haskell,0,0,0,0,"3,419",1
,,Hawk Cove,0,0,0,0,493,1
,,Hawkins,0,0,0,0,"1,303",1
,,Hawley,0,0,0,0,639,1
,,Hearne,0,0,0,0,"4,558",1
,,Hedwig Village,0,0,0,0,"2,652",1
,,Helotes,0,0,0,0,"7,636",1
,,Hemphill,0,0,0,0,"1,206",1
,,Hempstead,0,0,,0,"5,968",1
,,Hereford,0,0,0,0,"15,779",1
,,Hewitt,0,0,0,0,"13,973",1
,,Hidalgo,0,0,0,0,"11,706",1
,,Highland Village,0,0,0,0,"15,836",1
,,Hill Country Village,0,0,0,0,"1,024",1
,,Hillsboro,0,0,0,0,"8,653",1
,,Hitchcock,0,0,0,0,"7,174",1
,,Holliday,0,0,0,0,"1,743",1
,,Hollywood Park,0,0,0,0,"3,185",1
,,Hondo,0,0,0,0,"8,992",1
,,Hooks,0,0,0,0,"2,819",1
,,Horizon City,0,0,0,0,"17,418",1
,,Horseshoe Bay,0,0,0,0,"3,459",1
,,Howe,0,0,0,0,"2,652",1
,,Hubbard,0,0,0,0,"1,455",1
,,Hudson,0,0,0,0,"4,849",1
,,Hudson Oaks,0,0,0,0,"1,702",1
,,Hughes Springs,0,0,0,0,"1,774",1
,,Humble,0,0,0,0,"15,684",1
,,Huntington,0,0,0,0,"2,168",1
,,Huntsville,0,0,0,0,"39,243",1
,,Hurst,0,0,0,0,"38,756",1
,,Hutchins,0,0,0,0,"5,484",1
,,Hutto,0,0,0,0,"15,635",1
,,Idalou,0,0,0,0,"2,326",1
,,Ingleside,0,0,0,0,"9,516",1
,,Ingram,0,0,0,0,"1,836",1
,,Irving,0,0,0,0,"224,007",1
,,Italy,0,0,0,0,"1,930",1
,,Itasca,0,0,0,0,"1,684",1
,,Jacinto City,0,0,0,0,"10,941",1
,,Jacksboro,0,0,0,0,"4,574",1
,,Jacksonville,0,0,0,0,"14,856",1
,,Jamaica Beach,0,0,0,0,"1,013",1
,,Jarrell,0,0,0,0,"1,048",1
,,Jasper,0,0,0,0,"7,830",1
,,Jefferson,0,0,0,0,"2,132",1
,,Jersey Village,0,0,0,0,"7,903",1
,,Johnson City,0,0,0,0,"1,698",1
,,Jones Creek,0,0,0,0,"2,095",1
,,Jonestown,0,0,0,0,"1,935",1
,,Jourdanton,0,0,0,0,"3,988",1
,,Junction,0,0,0,0,"2,627",1
,,Karnes City,0,0,0,0,"3,114",1
,,Kaufman,0,0,0,0,"6,934",1
,,Keene,0,0,0,0,"6,259",1
,,Keller,0,0,0,0,"41,137",1
,,Kemah,0,0,0,0,"1,827",1
,,Kenedy,0,0,0,0,"3,380",1
,,Kennedale,0,0,0,0,"7,020",1
,,Kerens,0,0,0,0,"1,608",1
,,Kermit,0,0,0,0,"5,849",1
,,Kerrville,0,0,0,0,"22,759",1
,,Killeen,0,0,0,0,"131,965",1
,,Kingsville,0,0,0,0,"26,716",1
,,Kirby,0,0,0,0,"8,322",1
,,Kirbyville,0,0,0,0,"2,214",1
,,Kountze,0,0,0,0,"2,179",1
,,Kress,0,0,0,0,720,1
,,Lacy-Lakeview,0,0,0,0,"6,692",1
,,La Feria,0,0,0,0,"7,516",1
,,Lago Vista,0,0,0,0,"6,369",1
,,La Grange,0,0,0,0,"4,745",1
,,La Grulla,0,0,0,0,"1,667",1
,,Laguna Vista,0,0,0,0,"3,222",1
,,La Joya,0,0,0,0,"4,166",1
,,Lake Dallas,0,0,0,0,"7,473",1
,,Lakeside,0,0,0,0,"1,357",1
,,Lakeview,0,0,0,0,"6,481",1
,,Lakeway,0,0,0,0,"12,007",1
,,Lake Worth,0,0,0,0,"4,755",1
,,La Marque,0,0,0,0,"14,953",1
,,Lamesa,0,0,0,0,"9,497",1
,,Lampasas,0,0,0,0,"6,850",1
,,La Porte,0,0,0,0,"35,054",1
,,Laredo,0,0,0,0,"245,558",1
,,La Vernia,0,0,0,0,"1,071",1
,,La Villa,0,0,0,0,"2,023",1
,,Lavon,0,0,0,0,"2,337",1
,,League City,0,0,0,0,"86,127",1
,,Leander,0,0,0,0,"28,244",1
,,Leonard,0,0,,,"2,016",1
,,Leon Valley,0,0,0,0,"10,558",1
,,Levelland,0,0,0,0,"13,719",1
,,Lexington,0,0,0,0,"1,200",1
,,Liberty,0,0,0,0,"8,282",1
,,Linden,0,0,0,0,"2,004",1
,,Little Elm,0,0,0,0,"27,246",1
,,Littlefield,0,0,0,0,"6,560",1
,,Live Oak,0,0,0,0,"13,657",1
,,Livingston,0,0,0,0,"5,466",1
,,Lockhart,0,0,0,0,"13,013",1
,,Lockney,0,0,0,0,"1,854",1
,,Lometa,0,0,0,0,879,1
,,Lone Star,0,0,0,0,"1,594",1
,,Lorena,0,0,0,0,"1,743",1
,,Lorenzo,0,0,0,0,"1,171",1
,,Los Fresnos,0,0,0,0,"5,737",1
,,Lott,0,0,,,774,1
,,Lubbock,0,0,0,0,"237,241",1
,,Lufkin,0,0,0,0,"35,956",1
,,Luling,0,0,0,0,"5,549",1
,,Lyford,0,0,0,0,"2,643",1
,,Lytle,0,0,0,0,"2,562",1
,,Madisonville,0,0,0,0,"4,494",1
,,Magnolia,0,0,0,0,"1,464",1
,,Malakoff,0,0,0,0,"2,367",1
,,Manor,0,0,0,0,"5,313",1
,,Mansfield,0,0,0,0,"58,490",1
,,Manvel,0,0,0,0,"5,375",1
,,Marlin,0,0,0,0,"6,082",1
,,Marshall,0,0,0,0,"24,109",1
,,Martindale,0,0,0,0,"1,143",1
,,Mathis,0,0,0,0,"5,010",1
,,McAllen,0,0,0,0,"135,745",1
,,McGregor,0,0,0,0,"5,142",1
,,Meadows Place,0,0,0,0,"4,904",1
,,Melissa,0,0,0,0,"4,936",1
,,Memorial Villages,0,0,0,0,"11,540",1
,,Memphis,0,0,0,0,"2,341",1
,,Mercedes,0,0,0,0,"16,417",1
,,Meridian,0,0,0,0,"1,523",1
,,Merkel,0,0,0,0,"2,653",1
,,Mesquite,0,0,0,0,"144,811",1
,,Mexia,0,0,0,0,"7,652",1
,,Midland,0,0,0,0,"115,637",1
,,Midlothian,0,0,0,0,"18,693",1
,,Milford,0,0,0,0,753,1
,,Mineola,0,0,0,0,"4,590",1
,,Mineral Wells,0,0,0,0,"17,045",1
,,Mission,0,0,0,0,"80,557",1
,,Monahans,0,0,0,0,"7,095",1
,,Mont Belvieu,0,0,0,0,"3,942",1
,,Montgomery,0,0,0,0,653,1
,,Morgans Point Resort,0,0,0,0,"4,302",1
,,Moulton,0,0,0,0,902,1
,,Mount Pleasant,0,0,0,0,"15,941",1
,,Muleshoe,0,0,0,0,"5,295",1
,,Munday,0,0,0,0,"1,333",1
,,Mustang Ridge,0,0,0,0,900,1
,,Nacogdoches,0,0,0,0,"33,905",1
,,Naples,0,0,0,0,"1,394",1
,,Nash,0,0,0,0,"3,012",1
,,Nassau Bay,0,0,0,0,"4,151",1
,,Navasota,0,0,0,0,"7,312",1
,,Nederland,0,0,0,0,"17,850",1
,,Needville,0,0,0,0,"2,970",1
,,New Boston,0,0,0,0,"4,630",1
,,New Braunfels,0,0,0,0,"60,482",1
,,New Deal,0,0,0,0,821,1
,,Nixon,0,0,0,0,"2,433",1
,,Nocona,0,0,0,0,"3,077",1
,,Nolanville,0,0,0,0,"4,394",1
,,Northeast,0,0,0,0,"3,389",1
,,Northlake,0,0,0,0,"1,815",1
,,Oak Ridge,0,0,0,0,142,1
,,Oak Ridge North,0,0,0,0,"3,203",1
,,Odessa,0,0,0,0,"103,635",1
,,O'Donnell,0,0,0,0,838,1
,,Olmos Park,0,0,0,0,"2,327",1
,,Olney,0,0,0,0,"3,322",1
,,Olton,0,0,0,0,"2,279",1
,,Omaha,0,0,0,0,"1,039",1
,,Onalaska,0,0,0,0,"1,784",1
,,Orange,0,0,0,0,"19,025",1
,,Orange Grove,0,0,0,0,"1,356",1
,,Overton,0,0,0,0,"2,616",1
,,Ovilla,0,0,0,0,"3,620",1
,,Oyster Creek,0,0,0,0,"1,153",1
,,Paducah,0,0,0,0,"1,199",1
,,Palacios,0,0,0,0,"4,804",1
,,Palestine,0,0,0,0,"18,936",1
,,Palmer,0,0,0,0,"2,074",1
,,Palmhurst,,,0,0,"2,725",1
,,Palm Valley,0,0,0,0,"1,350",1
,,Palmview,0,0,0,0,"5,716",1
,,Pampa,0,0,0,0,"18,452",1
,,Panhandle,0,0,0,0,"2,520",1
,,Pantego,0,0,0,0,"2,486",1
,,Paris,0,0,0,0,"25,693",1
,,Parker,0,0,0,0,"4,017",1
,,Pasadena,0,0,0,0,"154,562",1
,,Pearsall,0,0,0,0,"9,378",1
,,Pecos,0,0,0,0,"8,891",1
,,Penitas,0,0,0,0,"4,605",1
,,Perryton,0,0,0,0,"9,201",1
,,Pflugerville,0,0,0,0,"49,483",1
,,Pharr,0,0,0,0,"73,599",1
,,Pilot Point,0,0,0,0,"4,053",1
,,Pinehurst,0,0,0,0,"2,142",1
,,Pittsburg,0,0,0,0,"4,567",1
,,Plainview,0,0,0,0,"22,678",1
,,Pleasanton,0,0,0,0,"9,206",1
,,Point Comfort,0,0,,,750,1
,,Ponder,0,0,0,0,"1,468",1
,,Port Aransas,0,0,0,0,"3,565",1
,,Port Arthur,0,0,0,0,"54,745",1
,,Port Isabel,0,0,0,0,"5,187",1
,,Portland,0,0,0,0,"15,306",1
,,Port Neches,0,0,0,0,"13,266",1
,,Poteet,0,0,0,0,"3,359",1
,,Poth,0,0,0,0,"1,976",1
,,Pottsboro,0,0,0,0,"2,202",1
,,Premont,0,0,0,0,"2,725",1
,,Presidio,0,0,0,0,"4,460",1
,,Primera,0,0,0,0,"4,189",1
,,Princeton,0,0,0,0,"7,175",1
,,Progreso,0,0,0,0,"5,756",1
,,Prosper,0,0,0,0,"10,037",1
,,Queen City,0,0,0,0,"1,494",1
,,Quitman,0,0,0,0,"1,845",1
,,Ralls,0,0,0,0,"1,984",1
,,Rancho Viejo,0,0,0,0,"2,523",1
,,Ranger,0,0,0,0,"2,510",1
,,Ransom Canyon,0,0,0,0,"1,134",1
,,Raymondville,0,0,0,0,"11,428",1
,,Red Oak,0,0,0,0,"11,160",1
,,Refugio,0,0,0,0,"2,900",1
,,Reno,0,0,0,0,"3,236",1
,,Richardson,0,0,0,0,"103,266",1
,,Richland Hills,0,0,0,0,"8,095",1
,,Richmond,0,0,0,0,"12,248",1
,,Riesel,0,0,0,0,"1,039",1
,,Rio Grande City,0,0,0,0,"14,175",1
,,Rio Hondo,0,0,0,0,"2,480",1
,,Rising Star,0,0,,,851,1
,,River Oaks,0,0,0,0,"7,711",1
,,Roanoke,0,0,0,0,"6,272",1
,,Robinson,0,0,0,0,"10,840",1
,,Robstown,0,0,0,0,"11,764",1
,,Rockdale,0,0,0,0,"5,655",1
,,Rockport,0,0,0,0,"8,978",1
,,Rollingwood,0,0,0,0,"1,489",1
,,Roma,0,0,0,0,"10,034",1
,,Roman Forest,0,0,0,0,"1,617",1
,,Roscoe,0,0,0,0,"1,348",1
,,Rosebud,0,0,0,0,"1,440",1
,,Rose City,0,0,0,0,515,1
,,Rosenberg,0,0,0,0,"32,230",1
,,Runaway Bay,0,0,0,0,"1,321",1
,,Sabinal,0,0,0,0,"1,729",1
,,Saginaw,0,0,0,0,"20,561",1
,,Salado,0,0,0,0,"2,193",1
,,San Augustine,0,0,0,0,"2,138",1
,,San Benito,0,0,0,0,"25,099",1
,,San Diego,0,0,0,0,"4,528",1
,,San Felipe,0,0,,,764,1
,,Sanger,0,0,0,0,"7,275",1
,,San Juan,0,0,0,0,"35,394",1
,,San Marcos,0,0,0,0,"47,384",1
,,Sansom Park Village,0,0,0,0,"4,861",1
,,Santa Anna,0,0,0,0,"1,098",1
,,Santa Fe,0,0,0,0,"12,597",1
,,Santa Rosa,0,0,0,0,"2,972",1
,,Schertz,0,0,0,0,"32,964",1
,,Schulenburg,0,0,0,0,"2,915",1
,,Seabrook,0,0,0,0,"12,395",1
,,Seagoville,0,0,0,0,"15,320",1
,,Seagraves,0,0,0,0,"2,519",1
,,Sealy,0,0,0,0,"6,161",1
,,Seguin,0,0,0,0,"26,332",1
,,Selma,0,0,0,0,"5,774",1
,,Seminole,0,0,0,0,"6,703",1
,,Seven Points,0,0,0,0,"1,493",1
,,Seymour,0,0,0,0,"2,792",1
,,Shallowater,0,0,0,0,"2,568",1
,,Shamrock,0,0,0,0,"1,958",1
,,Shavano Park,0,0,0,0,"3,156",1
,,Shenandoah,0,0,0,0,"2,242",1
,,Sherman,0,0,0,0,"39,269",1
,,Silsbee,0,0,0,0,"6,783",1
,,Sinton,0,0,0,0,"5,742",1
,,Slaton,0,0,0,0,"6,328",1
,,Smithville,0,0,0,0,"3,924",1
,,Snyder,0,0,0,0,"11,368",1
,,Somerset,0,0,0,0,"1,696",1
,,Somerville,0,0,0,0,"1,403",1
,,Sonora,0,0,0,0,"2,982",1
,,Sour Lake,0,0,0,0,"1,860",1
,,South Houston,0,0,0,0,"17,614",1
,,Southlake,0,0,0,0,"27,596",1
,,Southmayd,0,0,0,0,"1,012",1
,,South Padre Island,0,0,0,0,"2,914",1
,,Southside Place,0,0,0,0,"1,780",1
,,Spearman,0,0,0,0,"3,396",1
,,Splendora,0,0,0,0,"1,696",1
,,Springtown,0,0,0,0,"2,735",1
,,Spring Valley,0,0,0,0,"3,853",1
,,Spur,0,0,0,0,"1,316",1
,,Stafford,0,0,0,0,"18,623",1
,,Stagecoach,0,0,0,0,564,1
,,Stamford,0,0,0,0,"3,160",1
,,Stanton,0,0,0,0,"2,599",1
,,Stephenville,0,0,0,0,"17,511",1
,,Stratford,0,0,0,0,"2,050",1
,,Sugar Land,0,0,0,0,"82,924",1
,,Sullivan City,0,0,0,0,"4,184",1
,,Sulphur Springs,0,0,0,0,"15,774",1
,,Sunray,0,0,0,0,"1,959",1
,,Sunrise Beach Village,0,0,0,0,719,1
,,Sunset Valley,0,0,0,0,789,1
,,Surfside Beach,0,0,0,0,500,1
,,Sweeny,0,0,0,0,"3,866",1
,,Taft,0,0,0,0,"3,090",1
,,Tahoka,0,0,0,0,"2,702",1
,,Tatum,0,0,0,0,"1,420",1
,,Taylor,0,0,0,0,"16,240",1
,,Teague,0,0,0,0,"3,587",1
,,Terrell,0,0,0,0,"16,353",1
,,Terrell Hills,0,0,0,0,"5,073",1
,,Texarkana,0,0,0,0,"37,048",1
,,Texas City,0,0,0,0,"46,448",1
,,The Colony,0,0,0,0,"38,217",1
,,Thorndale,0,0,0,0,"1,353",1
,,Thrall,0,0,0,0,892,1
,,Three Rivers,0,0,0,0,"1,861",1
,,Timpson,0,0,0,0,"1,189",1
,,Tioga,0,0,0,0,815,1
,,Tolar,0,0,0,0,698,1
,,Tom Bean,0,0,0,0,"1,067",1
,,Tool,0,0,0,0,"2,277",1
,,Trenton,0,0,0,0,647,1
,,Trinity,0,0,0,0,"2,753",1
,,Trophy Club,0,0,0,0,"8,435",1
,,Troup,0,0,0,0,"1,930",1
,,Troy,0,0,0,0,"1,696",1
,,Tulia,0,0,0,0,"5,010",1
,,Tye,0,0,0,0,"1,272",1
,,Universal City,0,0,0,0,"19,271",1
,,Uvalde,0,0,0,0,"16,065",1
,,Valley Mills,0,0,0,0,"1,228",1
,,Valley View,0,0,0,0,768,1
,,Van Alstyne,0,0,0,0,"3,104",1
,,Venus,0,0,0,0,"3,027",1
,,Vernon,0,0,0,0,"11,060",1
,,Vidor,0,0,0,0,"10,974",1
,,Waco,0,0,0,0,"128,595",1
,,Waelder,0,0,0,0,"1,087",1
,,Wake Village,0,0,0,0,"5,587",1
,,Waller,0,0,0,0,"2,410",1
,,Wallis,0,0,0,0,"1,281",1
,,Watauga,0,0,0,0,"24,390",1
,,Waxahachie,0,0,0,0,"30,676",1
,,Weatherford,0,0,0,0,"25,940",1
,,Webster,0,0,0,0,"10,780",1
,,Weimar,0,0,0,0,"2,177",1
,,Weslaco,0,0,0,0,"37,271",1
,,West,0,0,0,0,"2,849",1
,,West Columbia,0,0,0,0,"4,052",1
,,West Lake Hills,0,0,0,0,"3,230",1
,,West Orange,0,0,0,0,"3,523",1
,,Westover Hills,0,0,0,0,709,1
,,West Tawakoni,0,0,0,0,"1,608",1
,,West University Place,0,0,0,0,"15,335",1
,,Westworth,0,0,0,0,"2,567",1
,,Wharton,0,0,0,0,"8,971",1
,,Whitehouse,0,0,0,0,"7,913",1
,,White Oak,0,0,0,0,"6,642",1
,,Whitesboro,0,0,0,0,"3,868",1
,,White Settlement,0,0,0,0,"16,716",1
,,Whitewright,0,0,0,0,"1,634",1
,,Whitney,0,0,0,0,"2,137",1
,,Willis,0,0,0,0,"6,079",1
,,Willow Park,0,0,0,0,"4,093",1
,,Wills Point,0,0,0,0,"3,588",1
,,Wilmer,0,0,0,0,"3,805",1
,,Windcrest,0,0,0,0,"5,575",1
,,Wink,0,0,0,0,962,1
,,Winnsboro,0,0,0,0,"3,494",1
,,Winters,0,0,0,0,"2,605",1
,,Wolfforth,0,0,0,0,"3,795",1
,,Woodbranch,0,0,0,0,"1,348",1
,,Woodville,0,0,0,0,"2,613",1
,,Woodway,0,0,0,0,"8,587",1
,,Wortham,0,0,0,0,"1,083",1
,,Yoakum,0,0,0,0,"5,935",1
,,Yorktown,0,0,0,0,"2,142",1
,Universities and Colleges,Abilene Christian University,0,0,0,0,"4,558",1
,,Alamo Community College District,0,0,0,0,"61,507",1
,,Alvin Community College,0,0,0,0,"5,129",1
,,Amarillo College,0,0,0,0,"11,616",1
,,Austin College,0,0,0,0,"1,353",1
,,Baylor Health Care System4,0,0,0,0,,1
,,Baylor University: Waco,0,0,0,0,"15,029",1
,,Blinn College,0,0,0,0,"18,106",1
,,Brookhaven College,0,0,0,0,"13,705",1
,,Central Texas College,0,0,0,0,"26,995",1
,,College of the Mainland,0,0,0,0,"4,168",1
,,El Paso Community College,0,0,0,0,"30,723",1
,,Grayson College,0,0,0,0,"5,207",1
,,Hardin-Simmons University,0,0,0,0,"2,358",1
,,Houston Baptist University,0,0,0,0,"2,432",1
,,Houston Community College,0,0,0,0,"63,015",1
,,Lamar University: Beaumont,0,0,0,0,"14,020",1
,,Laredo Community College,0,0,0,0,"10,076",1
,,McLennan Community College,0,0,0,0,"10,185",1
,,Midwestern State University,0,0,0,0,"6,181",1
,,Mountain View College,0,0,0,0,"9,431",1
,,North Lake College,0,0,0,0,"11,865",1
,,Paris Junior College,0,0,0,0,"5,936",1
,,Prairie View A&M University,0,0,0,0,"8,425",1
,,Rice University,0,0,0,0,"6,224",1
,,Richland College,0,0,0,0,"20,000",1
,,South Plains College,0,0,0,0,"10,482",1
,,Southwestern University,0,0,0,0,"1,347",1
,,Stephen F. Austin State University,0,0,0,0,"12,903",1
,,St. Mary's University,0,0,0,0,"4,188",1
,,Tarleton State University,0,0,0,0,"11,693",1
,,Texas A&M International University,0,0,0,0,"7,037",1
,,Texas A&M University:,,,,,,1
,,College Station,0,0,0,0,"50,230",1
,,Corpus Christi,0,0,0,0,"10,162",1
,,Galveston,0,0,0,0,"2,035",1
,,Kingsville,0,0,0,0,"10,290",1
,,San Antonio4,0,0,0,0,,1
,,Texas Southern University,0,0,0,0,"9,730",1
,,Texas State Technical College:,,,,,,1
,,Harlingen,0,0,0,0,"5,807",1
,,Marshall,0,0,,,831,1
,,Waco,0,0,0,0,"4,730",1
,,West Texas,0,0,0,0,856,1
,,Texas State University: San Marcos,0,0,0,0,"34,087",1
,,Texas Tech University: Lubbock,0,0,0,0,"32,327",1
,,Texas Woman's University,0,0,0,0,"14,718",1
,,Trinity University,0,0,0,0,"2,535",1
,,University of Houston:,,,,,,1
,,Central Campus,0,0,0,0,"39,820",1
,,Clearlake,0,0,0,0,"8,185",1
,,Downtown Campus,0,0,0,0,"12,918",1
,,University of Mary Hardin-Baylor,0,0,0,0,"3,137",1
,,University of North Texas:,,,,,,1
,,Denton,0,0,0,0,"37,818",1
,,Health Science Center,0,0,0,0,"1,760",1
,,University of Texas:,,,,,,1
,,Arlington,0,0,0,0,"33,439",1
,,Brownsville,0,0,0,0,"14,918",1
,,Dallas,0,0,0,0,"18,864",1
,,El Paso,0,0,0,0,"22,640",1
,,Health Science Center: San Antonio,0,0,0,0,"3,234",1
,,Health Science Center: Tyler4,0,0,0,0,,1
,,Houston,0,0,0,0,"4,916",1
,,Medical Branch,0,0,0,0,"2,825",1
,,Pan American,0,0,0,0,"19,034",1
,,Permian Basin,0,0,0,0,"3,831",1
,,San Antonio,0,0,0,0,"30,968",1
,,Southwestern Medical School,0,0,0,0,"2,487",1
,,Tyler,0,0,0,0,"6,696",1
,,West Texas A&M University,0,0,0,0,"7,886",1
,Metropolitan Counties,Aransas,0,0,0,0,,1
,,Archer,0,0,0,0,,1
,,Armstrong,0,0,0,0,,1
,,Atascosa,0,,0,0,,1
,,Austin,0,0,0,0,,1
,,Bandera,0,0,0,0,,1
,,Bastrop,0,0,0,0,,1
,,Bell,0,0,0,0,,1
,,Bowie,0,0,0,0,,1
,,Brazoria,0,0,0,0,,1
,,Burleson,0,0,0,0,,1
,,Caldwell,0,0,0,0,,1
,,Callahan,0,0,0,0,,1
,,Cameron,0,0,0,0,,1
,,Carson,0,0,0,0,,1
,,Chambers,0,0,0,0,,1
,,Clay,0,0,0,0,,1
,,Comal,0,0,0,0,,1
,,Coryell,0,0,0,0,,1
,,Crosby,0,0,0,0,,1
,,Dallas,0,0,0,0,,1
,,Denton,0,0,0,0,,1
,,Ector,0,0,0,0,,1
,,Ellis,0,0,0,0,,1
,,El Paso,0,0,0,0,,1
,,Falls,0,0,0,0,,1
,,Galveston,0,0,0,0,,1
,,Grayson,0,0,0,0,,1
,,Gregg,0,0,0,0,,1
,,Guadalupe,0,0,0,0,,1
,,Hardin,0,0,0,0,,1
,,Harris,0,0,0,0,,1
,,Hays,0,0,0,0,,1
,,Hidalgo,0,0,0,0,,1
,,Hood,0,0,0,0,,1
,,Hudspeth,0,0,0,0,,1
,,Irion,0,0,0,0,,1
,,Jefferson,0,0,0,0,,1
,,Johnson,0,0,0,0,,1
,,Jones,0,0,0,0,,1
,,Kendall,0,0,0,0,,1
,,Lampasas,0,0,0,0,,1
,,Liberty,0,0,0,0,,1
,,Lynn,0,0,0,0,,1
,,Martin,0,0,0,0,,1
,,Medina,0,0,0,0,,1
,,Midland,0,0,0,0,,1
,,Montgomery,0,0,0,0,,1
,,Newton,0,0,0,0,,1
,,Nueces,0,0,0,0,,1
,,Orange,0,0,0,0,,1
,,Parker,0,0,0,0,,1
,,Potter,0,0,0,0,,1
,,Robertson,0,0,0,0,,1
,,San Patricio,0,0,0,0,,1
,,Smith,0,0,0,0,,1
,,Somervell,0,0,0,0,,1
,,Tarrant,0,0,0,0,,1
,,Taylor,0,0,0,0,,1
,,Tom Green,0,0,0,0,,1
,,Travis,0,0,0,0,,1
,,Upshur,0,0,0,0,,1
,,Waller,0,0,0,0,,1
,,Webb,0,0,0,0,,1
,,Wichita,0,0,0,0,,1
,,Wilson,0,0,0,0,,1
,,Wise,0,0,0,0,,1
,Nonmetropolitan Counties,Anderson,0,0,0,0,,1
,,Andrews,0,0,0,0,,1
,,Angelina,0,0,0,0,,1
,,Bailey,0,0,0,0,,1
,,Baylor,0,0,0,0,,1
,,Bee,0,0,0,0,,1
,,Blanco,0,0,0,0,,1
,,Borden,0,0,0,0,,1
,,Bosque,0,0,0,0,,1
,,Brewster,0,0,0,0,,1
,,Briscoe,0,0,0,0,,1
,,Brooks,0,0,0,0,,1
,,Brown,0,0,0,0,,1
,,Burnet,0,0,0,0,,1
,,Calhoun,0,0,0,0,,1
,,Camp,0,0,0,0,,1
,,Cass,0,0,0,0,,1
,,Castro,0,0,0,0,,1
,,Cherokee,0,0,0,0,,1
,,Childress,0,0,0,0,,1
,,Cochran,0,0,0,0,,1
,,Coke,0,0,0,0,,1
,,Coleman,0,0,0,0,,1
,,Collingsworth,0,0,0,0,,1
,,Colorado,0,0,0,0,,1
,,Comanche,0,0,0,0,,1
,,Concho,0,0,0,0,,1
,,Cottle,0,0,0,0,,1
,,Crane,0,0,0,0,,1
,,Culberson,0,0,0,0,,1
,,Dallam,0,0,0,0,,1
,,Dawson,0,0,0,0,,1
,,Deaf Smith,0,0,0,0,,1
,,Delta,0,0,0,0,,1
,,Dickens,0,0,0,0,,1
,,Dimmit,0,0,0,0,,1
,,Donley,0,0,0,0,,1
,,Duval,0,0,0,0,,1
,,Eastland,0,0,,,,1
,,Edwards,0,0,0,0,,1
,,Erath,0,0,0,0,,1
,,Fannin,0,0,0,0,,1
,,Fayette,0,0,0,0,,1
,,Fisher,0,0,0,0,,1
,,Floyd,0,0,0,0,,1
,,Foard,0,0,0,0,,1
,,Franklin,0,0,0,0,,1
,,Freestone,0,0,0,0,,1
,,Frio,0,0,0,0,,1
,,Gaines,0,0,0,0,,1
,,Garza,0,0,0,0,,1
,,Gillespie,0,0,0,0,,1
,,Glasscock,0,0,0,0,,1
,,Gonzales,0,0,0,0,,1
,,Gray,0,0,0,0,,1
,,Grimes,0,0,0,0,,1
,,Hale,0,0,0,0,,1
,,Hall,0,0,0,0,,1
,,Hamilton,0,0,0,0,,1
,,Hansford,0,0,0,0,,1
,,Hardeman,0,0,0,0,,1
,,Harrison,0,0,0,0,,1
,,Hartley,0,0,0,0,,1
,,Haskell,0,0,0,0,,1
,,Hemphill,0,0,0,0,,1
,,Henderson,0,0,0,0,,1
,,Hill,0,0,0,0,,1
,,Hockley,0,0,0,0,,1
,,Hopkins,0,0,0,0,,1
,,Houston,0,0,0,0,,1
,,Howard,0,0,0,0,,1
,,Hutchinson,0,0,0,0,,1
,,Jack,0,0,0,0,,1
,,Jasper,0,0,0,0,,1
,,Jeff Davis,0,0,0,0,,1
,,Jim Hogg,0,0,0,0,,1
,,Jim Wells,0,0,0,0,,1
,,Karnes,0,0,0,0,,1
,,Kenedy,0,0,0,0,,1
,,Kent,0,0,0,0,,1
,,Kerr,0,0,0,0,,1
,,Kimble,0,0,0,0,,1
,,King,0,0,0,0,,1
,,Kinney,0,0,0,0,,1
,,Kleberg,0,0,0,0,,1
,,Knox,0,0,0,0,,1
,,Lamar,0,0,0,0,,1
,,Lamb,0,0,0,0,,1
,,La Salle,0,0,0,0,,1
,,Lee,0,0,0,0,,1
,,Leon,0,0,0,0,,1
,,Limestone,0,0,0,0,,1
,,Lipscomb,0,0,0,0,,1
,,Live Oak,0,0,0,0,,1
,,Llano,0,0,0,0,,1
,,Loving,0,0,0,0,,1
,,Madison,0,0,0,0,,1
,,Marion,0,0,0,0,,1
,,Mason,0,0,0,0,,1
,,Matagorda,0,0,0,0,,1
,,Maverick,0,0,0,0,,1
,,McCulloch,0,0,0,0,,1
,,McMullen,0,0,0,0,,1
,,Menard,0,0,0,0,,1
,,Milam,0,0,0,0,,1
,,Mills,0,0,0,0,,1
,,Mitchell,0,0,0,0,,1
,,Montague,0,0,0,0,,1
,,Moore,0,0,0,0,,1
,,Morris,0,0,0,0,,1
,,Motley,0,0,0,0,,1
,,Nacogdoches,0,0,0,0,,1
,,Navarro,0,0,0,0,,1
,,Nolan,0,0,0,0,,1
,,Ochiltree,0,0,0,0,,1
,,Palo Pinto,0,0,0,0,,1
,,Panola,0,0,0,0,,1
,,Parmer,0,0,0,0,,1
,,Pecos,0,0,0,0,,1
,,Presidio,0,0,0,0,,1
,,Rains,0,0,0,0,,1
,,Reagan,0,0,0,0,,1
,,Real,0,0,0,0,,1
,,Red River,0,0,0,0,,1
,,Reeves,0,0,0,0,,1
,,Refugio,0,0,0,0,,1
,,Roberts,0,0,0,0,,1
,,Runnels,0,0,0,0,,1
,,Sabine,0,0,0,0,,1
,,San Augustine,0,0,0,0,,1
,,San Jacinto,0,0,0,0,,1
,,San Saba,0,0,0,0,,1
,,Schleicher,0,0,0,0,,1
,,Scurry,0,0,0,0,,1
,,Shackelford,0,0,0,0,,1
,,Shelby,0,0,0,0,,1
,,Sherman,0,0,0,0,,1
,,Starr,0,0,0,0,,1
,,Stephens,0,0,0,0,,1
,,Sterling,0,0,0,0,,1
,,Stonewall,0,0,0,0,,1
,,Sutton,0,0,0,0,,1
,,Swisher,0,0,0,0,,1
,,Terrell,0,0,0,0,,1
,,Terry,0,0,0,0,,1
,,Throckmorton,0,0,0,0,,1
,,Titus,0,0,0,0,,1
,,Trinity,0,0,0,0,,1
,,Upton,0,0,0,0,,1
,,Uvalde,0,0,0,0,,1
,,Val Verde,0,0,0,0,,1
,,Van Zandt,0,0,0,0,,1
,,Walker,0,0,0,0,,1
,,Ward,0,0,0,0,,1
,,Washington,0,0,0,0,,1
,,Wheeler,0,0,0,0,,1
,,Wilbarger,0,0,0,0,,1
,,Willacy,0,0,0,0,,1
,,Winkler,0,0,0,0,,1
,,Wood,0,0,0,0,,1
,,Yoakum,0,0,0,0,,1
,,Young,0,0,0,0,,1
,,Zapata,0,0,0,0,,1
,,Zavala,0,0,0,0,,1
,Other Agencies,Amarillo International Airport,0,0,0,0,,1
,,Department of Public Safety,0,0,0,0,,1
,,Hospital District:,,,,,,1
,,Dallas County,0,0,0,0,,1
,,Tarrant County,0,0,0,0,,1
,,Houston Metropolitan Transit Authority,0,0,0,0,,1
,,Independent School District:,,,,,,1
,,Aldine,0,0,0,0,,1
,,Alvin,0,0,0,0,,1
,,Angleton,0,0,0,0,,1
,,Austin,0,0,0,0,,1
,,Barbers Hill,0,0,0,0,,1
,,Bay City,0,0,0,0,,1
,,Cedar Hill,0,0,0,0,,1
,,Columbia-Brazoria,0,0,0,0,,1
,,Conroe,0,0,0,0,,1
,,Ector County,0,0,0,0,,1
,,Edinburg,0,0,0,0,,1
,,El Paso,0,0,0,0,,1
,,Floresville,0,0,0,0,,1
,,Fort Bend,0,0,0,0,,1
,,Galveston,0,0,0,0,,1
,,Hallsville,0,0,0,0,,1
,,Humble,0,0,0,0,,1
,,Judson,0,0,0,0,,1
,,Katy,0,0,0,0,,1
,,Killeen,0,0,0,0,,1
,,Klein,0,0,0,0,,1
,,Lyford,0,0,0,0,,1
,,Mexia,0,0,0,0,,1
,,Midland,0,0,0,0,,1
,,North East,0,0,0,0,,1
,,Pasadena,0,0,0,0,,1
,,Pflugerville,0,0,0,0,,1
,,Raymondville,0,0,0,0,,1
,,Rio Grande City,0,0,0,0,,1
,,Sealy,0,0,0,0,,1
,,Socorro,0,0,0,0,,1
,,Spring,0,0,0,0,,1
,,Spring Branch,0,0,0,0,,1
,,Taft,0,0,0,0,,1
,,United,0,0,0,0,,1
,,Port of Brownsville,0,0,0,0,,1
,,Port of Houston Authorty,0,0,0,0,,1